{"cameraMode":{"drawMode":0,"name":"Shaded","section":"Shading Mode"},"sceneLighting":false,"audioPlay":false,"sceneViewState":{"showFog":true,"showMaterialUpdate":false,"showSkybox":false,"showFlares":true,"showImageEffects":true,"showParticleSystems":true},"in2DMode":false,"pivot":{"x":649.97998046875,"y":106.8489990234375,"z":548.8099975585938},"rotation":{"x":0.27967819571495058,"y":0.6692713499069214,"z":-0.3027401268482208,"w":0.6182554960250855},"size":0.637357771396637,"orthographic":false}