{"cameraMode":{"drawMode":0,"name":"Shaded","section":"Shading Mode"},"sceneLighting":false,"audioPlay":false,"sceneViewState":{"showFog":true,"showMaterialUpdate":false,"showSkybox":false,"showFlares":true,"showImageEffects":true,"showParticleSystems":true},"in2DMode":false,"pivot":{"x":650.575927734375,"y":106.3117446899414,"z":548.8306274414063},"rotation":{"x":0.27967819571495058,"y":0.6692713499069214,"z":-0.3027401268482208,"w":0.6182554960250855},"size":2.8578836917877199,"orthographic":false}